ID,Store,Date,Temperature,Fuel_Price,MarkDown1,MarkDown2,MarkDown3,MarkDown4,MarkDown5,CPI,Unemployment,IsHoliday
1,1,2010-02-05,42.31,2.572,0,0,0,0,0,211.0963582,8.106,0
2,1,2010-02-12,38.51,2.548,0,0,0,0,0,211.2421698,8.106,1
3,1,2010-02-19,39.93,2.514,0,0,0,0,0,211.2891429,8.106,0
4,1,2010-02-26,46.63,2.561,0,0,0,0,0,211.3196429,8.106,0
5,1,2010-03-05,46.5,2.625,0,0,0,0,0,211.3501429,8.106,0
6,1,2010-03-12,57.79,2.667,0,0,0,0,0,211.3806429,8.106,0
7,1,2010-03-19,54.58,2.72,0,0,0,0,0,211.215635,8.106,0
8,1,2010-03-26,51.45,2.732,0,0,0,0,0,211.0180424,8.106,0
9,1,2010-04-02,62.27,2.719,0,0,0,0,0,210.8204499,7.808,0
10,1,2010-04-09,65.86,2.77,0,0,0,0,0,210.6228574,7.808,0
11,1,2010-04-16,66.32,2.808,0,0,0,0,0,210.4887,7.808,0
12,1,2010-04-23,64.84,2.795,0,0,0,0,0,210.4391228,7.808,0
13,1,2010-04-30,67.41,2.78,0,0,0,0,0,210.3895456,7.808,0
14,1,2010-05-07,72.55,2.835,0,0,0,0,0,210.3399684,7.808,0
15,1,2010-05-14,74.78,2.854,0,0,0,0,0,210.3374261,7.808,0
16,1,2010-05-21,76.44,2.826,0,0,0,0,0,210.6170934,7.808,0
17,1,2010-05-28,80.44,2.759,0,0,0,0,0,210.8967606,7.808,0
18,1,2010-06-04,80.69,2.705,0,0,0,0,0,211.1764278,7.808,0
19,1,2010-06-11,80.43,2.668,0,0,0,0,0,211.4560951,7.808,0
20,1,2010-06-18,84.11,2.637,0,0,0,0,0,211.4537719,7.808,0
21,1,2010-06-25,84.34,2.653,0,0,0,0,0,211.3386526,7.808,0
22,1,2010-07-02,80.91,2.669,0,0,0,0,0,211.2235333,7.787,0
23,1,2010-07-09,80.48,2.642,0,0,0,0,0,211.108414,7.787,0
24,1,2010-07-16,83.15,2.623,0,0,0,0,0,211.1003854,7.787,0
25,1,2010-07-23,83.36,2.608,0,0,0,0,0,211.2351443,7.787,0
26,1,2010-07-30,81.84,2.64,0,0,0,0,0,211.3699032,7.787,0
27,1,2010-08-06,87.16,2.627,0,0,0,0,0,211.5046621,7.787,0
28,1,2010-08-13,87,2.692,0,0,0,0,0,211.6394211,7.787,0
29,1,2010-08-20,86.65,2.664,0,0,0,0,0,211.6033633,7.787,0
30,1,2010-08-27,85.22,2.619,0,0,0,0,0,211.5673056,7.787,0
31,1,2010-09-03,81.21,2.577,0,0,0,0,0,211.5312479,7.787,0
32,1,2010-09-10,78.69,2.565,0,0,0,0,0,211.4951902,7.787,1
33,1,2010-09-17,82.11,2.582,0,0,0,0,0,211.5224596,7.787,0
34,1,2010-09-24,80.94,2.624,0,0,0,0,0,211.5972246,7.787,0
35,1,2010-10-01,71.89,2.603,0,0,0,0,0,211.6719895,7.838,0
36,1,2010-10-08,63.93,2.633,0,0,0,0,0,211.7467544,7.838,0
37,1,2010-10-15,67.18,2.72,0,0,0,0,0,211.8137436,7.838,0
38,1,2010-10-22,69.86,2.725,0,0,0,0,0,211.8612937,7.838,0
39,1,2010-10-29,69.64,2.716,0,0,0,0,0,211.9088438,7.838,0
40,1,2010-11-05,58.74,2.689,0,0,0,0,0,211.9563939,7.838,0
41,1,2010-11-12,59.61,2.728,0,0,0,0,0,212.003944,7.838,0
42,1,2010-11-19,51.41,2.771,0,0,0,0,0,211.8896737,7.838,0
43,1,2010-11-26,64.52,2.735,0,0,0,0,0,211.7484333,7.838,1
44,1,2010-12-03,49.27,2.708,0,0,0,0,0,211.607193,7.838,0
45,1,2010-12-10,46.33,2.843,0,0,0,0,0,211.4659526,7.838,0
46,1,2010-12-17,49.84,2.869,0,0,0,0,0,211.4053124,7.838,0
47,1,2010-12-24,52.33,2.886,0,0,0,0,0,211.4051222,7.838,0
48,1,2010-12-31,48.43,2.943,0,0,0,0,0,211.4049321,7.838,1
49,1,2011-01-07,48.27,2.976,0,0,0,0,0,211.4047419,7.742,0
50,1,2011-01-14,35.4,2.983,0,0,0,0,0,211.4574109,7.742,0
51,1,2011-01-21,44.04,3.016,0,0,0,0,0,211.8272343,7.742,0
52,1,2011-01-28,43.83,3.01,0,0,0,0,0,212.1970577,7.742,0
53,1,2011-02-04,42.27,2.989,0,0,0,0,0,212.5668812,7.742,0
54,1,2011-02-11,36.39,3.022,0,0,0,0,0,212.9367046,7.742,1
55,1,2011-02-18,57.36,3.045,0,0,0,0,0,213.2478853,7.742,0
56,1,2011-02-25,62.9,3.065,0,0,0,0,0,213.535609,7.742,0
57,1,2011-03-04,59.58,3.288,0,0,0,0,0,213.8233327,7.742,0
58,1,2011-03-11,53.56,3.459,0,0,0,0,0,214.1110564,7.742,0
59,1,2011-03-18,62.76,3.488,0,0,0,0,0,214.3627114,7.742,0
60,1,2011-03-25,69.97,3.473,0,0,0,0,0,214.5999389,7.742,0
61,1,2011-04-01,59.17,3.524,0,0,0,0,0,214.8371664,7.682,0
62,1,2011-04-08,67.84,3.622,0,0,0,0,0,215.0743939,7.682,0
63,1,2011-04-15,71.27,3.743,0,0,0,0,0,215.2918561,7.682,0
64,1,2011-04-22,72.99,3.807,0,0,0,0,0,215.4599053,7.682,0
65,1,2011-04-29,72.03,3.81,0,0,0,0,0,215.6279544,7.682,0
66,1,2011-05-06,64.61,3.906,0,0,0,0,0,215.7960035,7.682,0
67,1,2011-05-13,75.64,3.899,0,0,0,0,0,215.9640526,7.682,0
68,1,2011-05-20,67.63,3.907,0,0,0,0,0,215.7339202,7.682,0
69,1,2011-05-27,77.72,3.786,0,0,0,0,0,215.5037878,7.682,0
70,1,2011-06-03,83,3.699,0,0,0,0,0,215.2736553,7.682,0
71,1,2011-06-10,83.13,3.648,0,0,0,0,0,215.0435229,7.682,0
72,1,2011-06-17,86.41,3.637,0,0,0,0,0,214.9980596,7.682,0
73,1,2011-06-24,83.58,3.594,0,0,0,0,0,215.0910982,7.682,0
74,1,2011-07-01,85.55,3.524,0,0,0,0,0,215.1841368,7.962,0
75,1,2011-07-08,85.83,3.48,0,0,0,0,0,215.2771754,7.962,0
76,1,2011-07-15,88.54,3.575,0,0,0,0,0,215.3611087,7.962,0
77,1,2011-07-22,85.77,3.651,0,0,0,0,0,215.4222784,7.962,0
78,1,2011-07-29,86.83,3.682,0,0,0,0,0,215.4834482,7.962,0
79,1,2011-08-05,91.65,3.684,0,0,0,0,0,215.544618,7.962,0
80,1,2011-08-12,90.76,3.638,0,0,0,0,0,215.6057878,7.962,0
81,1,2011-08-19,89.94,3.554,0,0,0,0,0,215.6693107,7.962,0
82,1,2011-08-26,87.96,3.523,0,0,0,0,0,215.7332258,7.962,0
83,1,2011-09-02,87.83,3.533,0,0,0,0,0,215.7971409,7.962,0
84,1,2011-09-09,76,3.546,0,0,0,0,0,215.861056,7.962,1
85,1,2011-09-16,79.94,3.526,0,0,0,0,0,216.0410526,7.962,0
86,1,2011-09-23,75.8,3.467,0,0,0,0,0,216.3758246,7.962,0
87,1,2011-09-30,79.69,3.355,0,0,0,0,0,216.7105965,7.962,0
88,1,2011-10-07,69.31,3.285,0,0,0,0,0,217.0453684,7.866,0
89,1,2011-10-14,71.74,3.274,0,0,0,0,0,217.3552733,7.866,0
90,1,2011-10-21,63.71,3.353,0,0,0,0,0,217.5159762,7.866,0
91,1,2011-10-28,66.57,3.372,0,0,0,0,0,217.6766791,7.866,0
92,1,2011-11-04,54.98,3.332,0,0,0,0,0,217.837382,7.866,0
93,1,2011-11-11,59.11,3.297,10382.9,6115.67,215.07,2406.62,6551.42,217.9980849,7.866,0
94,1,2011-11-18,62.25,3.308,6074.12,254.39,51.98,427.39,5988.57,218.2205088,7.866,0
95,1,2011-11-25,60.14,3.236,410.31,98,55805.51,8,554.92,218.4676211,7.866,1
96,1,2011-12-02,48.91,3.172,5629.51,68,1398.11,2084.64,20475.32,218.7147333,7.866,0
97,1,2011-12-09,43.93,3.158,4640.65,19,105.02,3639.42,14461.82,218.9618456,7.866,0
98,1,2011-12-16,51.63,3.159,5011.32,67,347.37,225.79,4011.37,219.1794533,7.866,0
99,1,2011-12-23,47.96,3.112,2725.36,40.48,634.7,24.9,2739.43,219.3577216,7.866,0
100,1,2011-12-30,44.55,3.129,5762.1,46011.38,260.36,983.65,4735.78,219.5359898,7.866,1
101,1,2012-01-06,49.01,3.157,6277.39,21813.16,143.1,1450.13,8483,219.7142581,7.348,0
102,1,2012-01-13,48.53,3.261,5183.29,8025.87,42.24,453.08,3719.38,219.8925263,7.348,0
103,1,2012-01-20,54.11,3.268,4139.87,2807.19,33.88,500.62,3400.21,219.9856893,7.348,0
104,1,2012-01-27,54.26,3.29,1164.46,1082.74,44,11,1222.19,220.0788523,7.348,0
105,1,2012-02-03,56.55,3.36,34577.06,3579.21,160.53,32403.87,5630.4,220.1720153,7.348,0
106,1,2012-02-10,48.02,3.409,13925.06,6927.23,101.64,8471.88,6886.04,220.2651783,7.348,1
107,1,2012-02-17,45.32,3.51,9873.33,11062.27,9.8,8409.31,3402.66,220.4257586,7.348,0
108,1,2012-02-24,57.25,3.555,9349.61,7556.01,3.2,1219.92,8143.59,220.636902,7.348,0
109,1,2012-03-02,60.96,3.63,15441.4,1569,10.8,25390.88,8067.61,220.8480454,7.348,0
110,1,2012-03-09,58.76,3.669,10331.04,151.88,6,671.43,5509.84,221.0591887,7.348,0
111,1,2012-03-16,64.74,3.734,4298.16,7.5,2.02,2724.65,2017.69,221.2118132,7.348,0
112,1,2012-03-23,65.93,3.787,6118.56,9.48,4.97,426.72,3657.22,221.2864126,7.348,0
113,1,2012-03-30,67.61,3.845,10309.58,0.5,10.25,1654.17,2642.78,221.3610119,7.348,0
114,1,2012-04-06,70.43,3.891,10121.97,0,77.98,3750.59,4510.72,221.4356112,7.143,0
115,1,2012-04-13,69.07,3.891,6186.19,3288.69,17.07,1822.55,1063.78,221.5102105,7.143,0
116,1,2012-04-20,66.76,3.877,2230.8,612.02,19.75,275.13,5747.1,221.5640737,7.143,0
117,1,2012-04-27,67.23,3.814,3221.25,0,35.49,577.14,6222.25,221.6179368,7.143,0
118,1,2012-05-04,75.55,3.749,21290.13,0,69.89,4977.35,3261.04,221.6718,7.143,0
119,1,2012-05-11,73.77,3.688,8351.4,0,10.52,2443.14,3127.88,221.7256632,7.143,0
120,1,2012-05-18,70.33,3.63,6154.14,0,45.11,1675.49,5508.18,221.742674,7.143,0
121,1,2012-05-25,77.22,3.561,4039.39,0,745.19,1429.96,3631.13,221.744944,7.143,0
122,1,2012-06-01,77.95,3.501,6086.21,12,370.51,148.75,3690.85,221.7472139,7.143,0
123,1,2012-06-08,78.3,3.452,8813.81,116.8,64.55,2652.04,7161.91,221.7494839,7.143,0
124,1,2012-06-15,79.35,3.393,5621.99,109.6,0.25,2420.28,3083.26,221.7626421,7.143,0
125,1,2012-06-22,78.39,3.346,8624.56,171.25,3.05,2524.07,7063.68,221.8030211,7.143,0
126,1,2012-06-29,84.88,3.286,3965.73,161.6,0,435.99,4212.97,221.8434,7.143,0
127,1,2012-07-06,81.57,3.227,12218.76,94.4,192.83,4066.01,6149.04,221.8837789,6.908,0
128,1,2012-07-13,77.12,3.256,7218.13,45.2,36.24,3909.38,2596.37,221.9241579,6.908,0
129,1,2012-07-20,80.42,3.311,3213,313.72,9.53,2262.02,3228.19,221.9327267,6.908,0
130,1,2012-07-27,82.66,3.407,7146.9,389.02,1.59,10267.54,4325.19,221.9412954,6.908,0
131,1,2012-08-03,86.11,3.417,27584.78,119.98,30.23,12007.04,4661.71,221.9498642,6.908,0
132,1,2012-08-10,85.05,3.494,11436.22,245,6.85,6964.26,4836.22,221.9584329,6.908,0
133,1,2012-08-17,84.85,3.571,3662.06,137.86,4.84,2752.2,3446.15,222.0384109,6.908,0
134,1,2012-08-24,77.66,3.62,6237.83,260.06,2.97,3463.03,7988.25,222.1719457,6.908,0
135,1,2012-08-31,80.49,3.638,21442.73,102.32,21.7,13209.64,3032.96,222.3054805,6.908,0
136,1,2012-09-07,83.96,3.73,5204.68,35.74,50.94,4120.32,2737.17,222.4390153,6.908,1
137,1,2012-09-14,74.97,3.717,17212.52,7,18.79,1523.11,7992.72,222.5820193,6.908,0
138,1,2012-09-21,69.87,3.721,6352.3,7.64,4.69,1010.06,6456.71,222.7818386,6.908,0
139,1,2012-09-28,76.08,3.666,3666.27,7.64,1.65,1417.96,4744.28,222.9816579,6.908,0
140,1,2012-10-05,68.55,3.617,8077.89,0,18.22,3617.43,3626.14,223.1814772,6.573,0
141,1,2012-10-12,62.99,3.601,2086.18,0,8.11,602.36,5926.45,223.3812965,6.573,0
142,1,2012-10-19,67.97,3.594,950.33,0,4.93,80.25,2312.85,223.4257233,6.573,0
143,1,2012-10-26,69.16,3.506,2585.85,31.75,6,1057.16,1305.01,223.4442513,6.573,0
144,2,2010-02-05,40.19,2.572,0,0,0,0,0,210.7526053,8.324,0
145,2,2010-02-12,38.49,2.548,0,0,0,0,0,210.8979935,8.324,1
146,2,2010-02-19,39.69,2.514,0,0,0,0,0,210.9451605,8.324,0
147,2,2010-02-26,46.1,2.561,0,0,0,0,0,210.9759573,8.324,0
148,2,2010-03-05,47.17,2.625,0,0,0,0,0,211.0067542,8.324,0
149,2,2010-03-12,57.56,2.667,0,0,0,0,0,211.037551,8.324,0
150,2,2010-03-19,54.52,2.72,0,0,0,0,0,210.8733316,8.324,0
151,2,2010-03-26,51.26,2.732,0,0,0,0,0,210.6766095,8.324,0
152,2,2010-04-02,63.27,2.719,0,0,0,0,0,210.4798874,8.2,0
153,2,2010-04-09,65.41,2.77,0,0,0,0,0,210.2831653,8.2,0
154,2,2010-04-16,68.07,2.808,0,0,0,0,0,210.1495463,8.2,0
155,2,2010-04-23,65.11,2.795,0,0,0,0,0,210.1000648,8.2,0
156,2,2010-04-30,66.98,2.78,0,0,0,0,0,210.0505833,8.2,0
157,2,2010-05-07,71.28,2.835,0,0,0,0,0,210.0011018,8.2,0
158,2,2010-05-14,73.31,2.854,0,0,0,0,0,209.9984585,8.2,0
159,2,2010-05-21,74.83,2.826,0,0,0,0,0,210.2768443,8.2,0
160,2,2010-05-28,81.13,2.759,0,0,0,0,0,210.5552301,8.2,0
161,2,2010-06-04,81.81,2.705,0,0,0,0,0,210.833616,8.2,0
162,2,2010-06-11,83.4,2.668,0,0,0,0,0,211.1120018,8.2,0
163,2,2010-06-18,85.81,2.637,0,0,0,0,0,211.1096543,8.2,0
164,2,2010-06-25,86.26,2.653,0,0,0,0,0,210.9950134,8.2,0
165,2,2010-07-02,82.74,2.669,0,0,0,0,0,210.8803726,8.099,0
166,2,2010-07-09,82.59,2.642,0,0,0,0,0,210.7657317,8.099,0
167,2,2010-07-16,85.32,2.623,0,0,0,0,0,210.7577954,8.099,0
168,2,2010-07-23,87.66,2.608,0,0,0,0,0,210.8921319,8.099,0
169,2,2010-07-30,83.49,2.64,0,0,0,0,0,211.0264684,8.099,0
170,2,2010-08-06,89.53,2.627,0,0,0,0,0,211.1608049,8.099,0
171,2,2010-08-13,89.05,2.692,0,0,0,0,0,211.2951413,8.099,0
172,2,2010-08-20,88.7,2.664,0,0,0,0,0,211.2596586,8.099,0
173,2,2010-08-27,87.12,2.619,0,0,0,0,0,211.2241759,8.099,0
174,2,2010-09-03,81.83,2.577,0,0,0,0,0,211.1886931,8.099,0
175,2,2010-09-10,79.09,2.565,0,0,0,0,0,211.1532104,8.099,1
176,2,2010-09-17,82.05,2.582,0,0,0,0,0,211.1806415,8.099,0
177,2,2010-09-24,81.79,2.624,0,0,0,0,0,211.2552578,8.099,0
178,2,2010-10-01,69.24,2.603,0,0,0,0,0,211.3298742,8.163,0
179,2,2010-10-08,63.19,2.633,0,0,0,0,0,211.4044906,8.163,0
180,2,2010-10-15,65.8,2.72,0,0,0,0,0,211.4713286,8.163,0
181,2,2010-10-22,68.5,2.725,0,0,0,0,0,211.5187208,8.163,0
182,2,2010-10-29,66.24,2.716,0,0,0,0,0,211.5661131,8.163,0
183,2,2010-11-05,57.85,2.689,0,0,0,0,0,211.6135053,8.163,0
184,2,2010-11-12,59.69,2.728,0,0,0,0,0,211.6608975,8.163,0
185,2,2010-11-19,50.81,2.771,0,0,0,0,0,211.5470304,8.163,0
186,2,2010-11-26,62.98,2.735,0,0,0,0,0,211.4062867,8.163,1
187,2,2010-12-03,49.33,2.708,0,0,0,0,0,211.265543,8.163,0
188,2,2010-12-10,45.5,2.843,0,0,0,0,0,211.1247993,8.163,0
189,2,2010-12-17,47.55,2.869,0,0,0,0,0,211.0645458,8.163,0
190,2,2010-12-24,49.97,2.886,0,0,0,0,0,211.0646599,8.163,0
191,2,2010-12-31,47.3,2.943,0,0,0,0,0,211.064774,8.163,1
192,2,2011-01-07,44.69,2.976,0,0,0,0,0,211.0648881,8.028,0
193,2,2011-01-14,33.02,2.983,0,0,0,0,0,211.1176713,8.028,0
194,2,2011-01-21,41.4,3.016,0,0,0,0,0,211.4864691,8.028,0
195,2,2011-01-28,42.83,3.01,0,0,0,0,0,211.8552668,8.028,0
196,2,2011-02-04,38.25,2.989,0,0,0,0,0,212.2240646,8.028,0
197,2,2011-02-11,33.19,3.022,0,0,0,0,0,212.5928624,8.028,1
198,2,2011-02-18,57.83,3.045,0,0,0,0,0,212.9033115,8.028,0
199,2,2011-02-25,60.8,3.065,0,0,0,0,0,213.190421,8.028,0
200,2,2011-03-04,57.77,3.288,0,0,0,0,0,213.4775305,8.028,0
201,2,2011-03-11,52.7,3.459,0,0,0,0,0,213.7646401,8.028,0
202,2,2011-03-18,62.32,3.488,0,0,0,0,0,214.0156238,8.028,0
203,2,2011-03-25,69.42,3.473,0,0,0,0,0,214.2521573,8.028,0
204,2,2011-04-01,55.43,3.524,0,0,0,0,0,214.4886908,7.931,0
205,2,2011-04-08,67,3.622,0,0,0,0,0,214.7252242,7.931,0
206,2,2011-04-15,69.48,3.743,0,0,0,0,0,214.9420631,7.931,0
207,2,2011-04-22,69.39,3.807,0,0,0,0,0,215.1096657,7.931,0
208,2,2011-04-29,69.21,3.81,0,0,0,0,0,215.2772683,7.931,0
209,2,2011-05-06,61.48,3.906,0,0,0,0,0,215.4448709,7.931,0
210,2,2011-05-13,74.61,3.899,0,0,0,0,0,215.6124735,7.931,0
211,2,2011-05-20,67.14,3.907,0,0,0,0,0,215.3834778,7.931,0
212,2,2011-05-27,76.42,3.786,0,0,0,0,0,215.1544822,7.931,0
213,2,2011-06-03,83.07,3.699,0,0,0,0,0,214.9254865,7.931,0
214,2,2011-06-10,83.4,3.648,0,0,0,0,0,214.6964908,7.931,0
215,2,2011-06-17,86.53,3.637,0,0,0,0,0,214.6513538,7.931,0
216,2,2011-06-24,85.17,3.594,0,0,0,0,0,214.7441108,7.931,0
217,2,2011-07-01,85.69,3.524,0,0,0,0,0,214.8368678,7.852,0
218,2,2011-07-08,87.7,3.48,0,0,0,0,0,214.9296249,7.852,0
219,2,2011-07-15,89.83,3.575,0,0,0,0,0,215.0134426,7.852,0
220,2,2011-07-22,89.34,3.651,0,0,0,0,0,215.0749122,7.852,0
221,2,2011-07-29,90.07,3.682,0,0,0,0,0,215.1363819,7.852,0
222,2,2011-08-05,93.34,3.684,0,0,0,0,0,215.1978515,7.852,0
223,2,2011-08-12,91.58,3.638,0,0,0,0,0,215.2593211,7.852,0
224,2,2011-08-19,89.86,3.554,0,0,0,0,0,215.3229307,7.852,0
225,2,2011-08-26,90.45,3.523,0,0,0,0,0,215.386897,7.852,0
226,2,2011-09-02,89.64,3.533,0,0,0,0,0,215.4508632,7.852,0
227,2,2011-09-09,77.97,3.546,0,0,0,0,0,215.5148295,7.852,1
228,2,2011-09-16,78.85,3.526,0,0,0,0,0,215.6944378,7.852,0
229,2,2011-09-23,75.58,3.467,0,0,0,0,0,216.0282356,7.852,0
230,2,2011-09-30,78.14,3.355,0,0,0,0,0,216.3620333,7.852,0
231,2,2011-10-07,69.92,3.285,0,0,0,0,0,216.6958311,7.441,0
232,2,2011-10-14,71.67,3.274,0,0,0,0,0,217.0048261,7.441,0
233,2,2011-10-21,64.53,3.353,0,0,0,0,0,217.1650042,7.441,0
234,2,2011-10-28,65.87,3.372,0,0,0,0,0,217.3251824,7.441,0
235,2,2011-11-04,55.53,3.332,0,0,0,0,0,217.4853605,7.441,0
236,2,2011-11-11,59.33,3.297,10797.64,20445,443.32,4754.07,4787.16,217.6455387,7.441,0
237,2,2011-11-18,62.01,3.308,6490.92,1217.76,152.12,873.82,7656.42,217.8670218,7.441,0
238,2,2011-11-25,56.36,3.236,919.71,62,77451.26,23,1589.43,218.1130269,7.441,1
239,2,2011-12-02,48.74,3.172,8010.99,83.47,1897.27,4444,28238.93,218.3590319,7.441,0
240,2,2011-12-09,41.76,3.158,11472.59,40,306.43,4160.55,8899.08,218.605037,7.441,0
241,2,2011-12-16,50.13,3.159,4908.83,61.03,341.49,469.8,4744.27,218.8217928,7.441,0
242,2,2011-12-23,46.66,3.112,2971.04,15.18,1501.75,88.76,6437.61,218.9995495,7.441,0
243,2,2011-12-30,44.57,3.129,8321.44,92523.94,139.53,1515.4,3027.69,219.1773063,7.441,1
244,2,2012-01-06,46.75,3.157,5886.72,37454.29,121.16,2388.92,7103.97,219.355063,7.057,0
245,2,2012-01-13,45.99,3.261,4414.72,12092.63,98.38,708.18,4245.6,219.5328198,7.057,0
246,2,2012-01-20,51.7,3.268,6552.26,4355.69,105.97,1703.1,3376.03,219.6258417,7.057,0
247,2,2012-01-27,50.5,3.29,1920.15,1507.56,86.09,43.4,2613.53,219.7188636,7.057,0
248,2,2012-02-03,55.21,3.36,75149.79,3818.85,221.4,48159.86,7423.61,219.8118854,7.057,0
249,2,2012-02-10,46.98,3.409,13510.89,6674.42,94.07,14114.9,9577.83,219.9049073,7.057,1
250,2,2012-02-17,43.82,3.51,13942.54,14273.24,15.76,4927.14,6650.08,220.0651993,7.057,0
251,2,2012-02-24,54.63,3.555,13048.36,12059.1,10.2,5299.73,10380.03,220.275944,7.057,0
252,2,2012-03-02,58.79,3.63,23901.27,2144.7,9,9799.63,4929.53,220.4866886,7.057,0
253,2,2012-03-09,57.11,3.669,11784.91,368.32,3,2498.17,7746,220.6974332,7.057,0
254,2,2012-03-16,63.68,3.734,5965.99,230.42,3,2650.77,2073.81,220.8498468,7.057,0
255,2,2012-03-23,64.01,3.787,6008.98,139.93,6.63,1650.49,5263.08,220.9244858,7.057,0
256,2,2012-03-30,66.83,3.845,14369.3,164.77,17,1017.31,3470.49,220.9991248,7.057,0
257,2,2012-04-06,68.43,3.891,12132.59,1.3,32.58,4874.69,5535.13,221.0737638,6.891,0
258,2,2012-04-13,68.08,3.891,8994.04,6573.08,20.21,4162.2,1966.38,221.1484028,6.891,0
259,2,2012-04-20,65.69,3.877,7311.02,2236.2,33.53,878.07,4080.32,221.2021074,6.891,0
260,2,2012-04-27,67.2,3.814,3076.68,0,38.32,108.71,2708.9,221.255812,6.891,0
261,2,2012-05-04,76.73,3.749,23731.47,0,78.09,7931.42,4443.52,221.3095166,6.891,0
262,2,2012-05-11,73.87,3.688,16519.5,0,117.38,5131.02,3634.25,221.3632212,6.891,0
263,2,2012-05-18,71.27,3.63,9262.12,0,42.67,3694.8,4612.01,221.380331,6.891,0
264,2,2012-05-25,78.19,3.561,10701.32,0,1030.53,3595.04,14920.27,221.3828029,6.891,0
265,2,2012-06-01,78.38,3.501,13091.33,21,245.37,2993.15,5521.72,221.3852748,6.891,0
266,2,2012-06-08,78.69,3.452,12162.04,463.6,78.39,3610.78,10877.64,221.3877467,6.891,0
267,2,2012-06-15,80.56,3.393,8573.41,195,0.19,4455.38,5288.61,221.4009901,6.891,0
268,2,2012-06-22,81.04,3.346,12126.02,314,60.99,6058.6,36430.33,221.4411622,6.891,0
269,2,2012-06-29,86.32,3.286,8495.34,275.8,0,1935.16,5686.13,221.4813343,6.891,0
270,2,2012-07-06,84.2,3.227,12355.5,295.05,100.15,6720.4,5506.53,221.5215064,6.565,0
271,2,2012-07-13,80.17,3.256,8354.65,342.25,20.53,5674.44,5012.22,221.5616784,6.565,0
272,2,2012-07-20,83.23,3.311,6961.58,241.2,24.97,3401.36,2453.42,221.5701123,6.565,0
273,2,2012-07-27,86.37,3.407,6999.14,197.72,2.53,6319.33,5007.01,221.5785461,6.565,0
274,2,2012-08-03,90.22,3.417,27650.68,164.58,43.02,21801.9,6652.98,221.5869799,6.565,0
275,2,2012-08-10,88.55,3.494,5554.54,142.3,13.43,4187.43,5286.19,221.5954138,6.565,0
276,2,2012-08-17,84.79,3.571,4774.16,330.78,10.53,4253.28,4927.26,221.6751459,6.565,0
277,2,2012-08-24,76.91,3.62,4759.7,211.38,6.62,2972.88,5102.26,221.8083518,6.565,0
278,2,2012-08-31,82.64,3.638,17500.26,73.22,21.38,12878.62,4756.5,221.9415576,6.565,0
279,2,2012-09-07,87.65,3.73,10658.86,149.28,60.97,2920.9,3275.57,222.0747635,6.565,1
280,2,2012-09-14,75.88,3.717,8325.93,0,37.32,1808.69,9314.55,222.2174395,6.565,0
281,2,2012-09-21,71.09,3.721,6707.94,3.82,15.55,1001.42,7607.94,222.4169362,6.565,0
282,2,2012-09-28,79.45,3.666,7106.05,1.91,1.65,1549.1,3946.03,222.6164329,6.565,0
283,2,2012-10-05,70.27,3.617,6037.76,0,10.04,3027.37,3853.4,222.8159296,6.17,0
284,2,2012-10-12,60.97,3.601,2145.5,0,33.31,586.83,10421.01,223.0154263,6.17,0
285,2,2012-10-19,68.08,3.594,4461.89,0,1.14,1579.67,2642.29,223.0598077,6.17,0
286,2,2012-10-26,69.79,3.506,6152.59,129.77,200,272.29,2924.15,223.0783366,6.17,0
287,3,2010-02-05,45.71,2.572,0,0,0,0,0,214.4248812,7.368,0
288,3,2010-02-12,47.93,2.548,0,0,0,0,0,214.5747916,7.368,1
289,3,2010-02-19,47.07,2.514,0,0,0,0,0,214.6198868,7.368,0
290,3,2010-02-26,52.05,2.561,0,0,0,0,0,214.6475127,7.368,0
291,3,2010-03-05,53.04,2.625,0,0,0,0,0,214.6751386,7.368,0
292,3,2010-03-12,63.08,2.667,0,0,0,0,0,214.7027646,7.368,0
293,3,2010-03-19,60.42,2.72,0,0,0,0,0,214.5301219,7.368,0
294,3,2010-03-26,57.06,2.732,0,0,0,0,0,214.3241011,7.368,0
295,3,2010-04-02,65.56,2.719,0,0,0,0,0,214.1180803,7.343,0
296,3,2010-04-09,68,2.77,0,0,0,0,0,213.9120595,7.343,0
297,3,2010-04-16,66.98,2.808,0,0,0,0,0,213.7726889,7.343,0
298,3,2010-04-23,67.87,2.795,0,0,0,0,0,213.7221852,7.343,0
299,3,2010-04-30,70.24,2.78,0,0,0,0,0,213.6716815,7.343,0
300,3,2010-05-07,73.47,2.835,0,0,0,0,0,213.6211778,7.343,0
301,3,2010-05-14,77.18,2.854,0,0,0,0,0,213.6196139,7.343,0
302,3,2010-05-21,75.81,2.826,0,0,0,0,0,213.9116886,7.343,0
303,3,2010-05-28,78.6,2.759,0,0,0,0,0,214.2037634,7.343,0
304,3,2010-06-04,78.53,2.705,0,0,0,0,0,214.4958382,7.343,0
305,3,2010-06-11,82.1,2.668,0,0,0,0,0,214.787913,7.343,0
306,3,2010-06-18,83.52,2.637,0,0,0,0,0,214.7858259,7.343,0
307,3,2010-06-25,83.79,2.653,0,0,0,0,0,214.6660741,7.343,0
308,3,2010-07-02,82.2,2.669,0,0,0,0,0,214.5463222,7.346,0
309,3,2010-07-09,81.75,2.642,0,0,0,0,0,214.4265704,7.346,0
310,3,2010-07-16,84.32,2.623,0,0,0,0,0,214.4176476,7.346,0
311,3,2010-07-23,83.32,2.608,0,0,0,0,0,214.5564968,7.346,0
312,3,2010-07-30,82.04,2.64,0,0,0,0,0,214.695346,7.346,0
313,3,2010-08-06,85.13,2.627,0,0,0,0,0,214.8341952,7.346,0
314,3,2010-08-13,86.74,2.692,0,0,0,0,0,214.9730444,7.346,0
315,3,2010-08-20,88.02,2.664,0,0,0,0,0,214.9314191,7.346,0
316,3,2010-08-27,86.15,2.619,0,0,0,0,0,214.8897938,7.346,0
317,3,2010-09-03,84.16,2.577,0,0,0,0,0,214.8481685,7.346,0
318,3,2010-09-10,80.84,2.565,0,0,0,0,0,214.8065431,7.346,1
319,3,2010-09-17,82.36,2.582,0,0,0,0,0,214.8322484,7.346,0
320,3,2010-09-24,76.9,2.624,0,0,0,0,0,214.9084516,7.346,0
321,3,2010-10-01,73.6,2.603,0,0,0,0,0,214.9846548,7.564,0
322,3,2010-10-08,66.99,2.633,0,0,0,0,0,215.060858,7.564,0
323,3,2010-10-15,69.71,2.72,0,0,0,0,0,215.1293114,7.564,0
324,3,2010-10-22,71.64,2.725,0,0,0,0,0,215.17839,7.564,0
325,3,2010-10-29,72.04,2.716,0,0,0,0,0,215.2274686,7.564,0
326,3,2010-11-05,62.94,2.689,0,0,0,0,0,215.2765472,7.564,0
327,3,2010-11-12,62.79,2.728,0,0,0,0,0,215.3256258,7.564,0
328,3,2010-11-19,57.72,2.771,0,0,0,0,0,215.2074519,7.564,0
329,3,2010-11-26,68.71,2.735,0,0,0,0,0,215.0614025,7.564,1
330,3,2010-12-03,53.76,2.708,0,0,0,0,0,214.9153531,7.564,0
331,3,2010-12-10,51.13,2.843,0,0,0,0,0,214.7693037,7.564,0
332,3,2010-12-17,52.2,2.869,0,0,0,0,0,214.704919,7.564,0
333,3,2010-12-24,57.16,2.886,0,0,0,0,0,214.7017828,7.564,0
334,3,2010-12-31,53.2,2.943,0,0,0,0,0,214.6986466,7.564,1
335,3,2011-01-07,53.35,2.976,0,0,0,0,0,214.6955104,7.551,0
336,3,2011-01-14,44.76,2.983,0,0,0,0,0,214.7470729,7.551,0
337,3,2011-01-21,50.74,3.016,0,0,0,0,0,215.1268275,7.551,0
338,3,2011-01-28,48.71,3.01,0,0,0,0,0,215.5065821,7.551,0
339,3,2011-02-04,45.95,2.989,0,0,0,0,0,215.8863367,7.551,0
340,3,2011-02-11,43.57,3.022,0,0,0,0,0,216.2660913,7.551,1
341,3,2011-02-18,61.58,3.045,0,0,0,0,0,216.5843571,7.551,0
342,3,2011-02-25,67.4,3.065,0,0,0,0,0,216.8780275,7.551,0
343,3,2011-03-04,65.11,3.288,0,0,0,0,0,217.1716979,7.551,0
344,3,2011-03-11,61.29,3.459,0,0,0,0,0,217.4653683,7.551,0
345,3,2011-03-18,69.47,3.488,0,0,0,0,0,217.7235226,7.551,0
346,3,2011-03-25,72.94,3.473,0,0,0,0,0,217.9674705,7.551,0
347,3,2011-04-01,68.76,3.524,0,0,0,0,0,218.2114184,7.574,0
348,3,2011-04-08,72.55,3.622,0,0,0,0,0,218.4553663,7.574,0
349,3,2011-04-15,75.88,3.743,0,0,0,0,0,218.6788642,7.574,0
350,3,2011-04-22,76.91,3.807,0,0,0,0,0,218.851237,7.574,0
351,3,2011-04-29,78.69,3.81,0,0,0,0,0,219.0236099,7.574,0
352,3,2011-05-06,69.45,3.906,0,0,0,0,0,219.1959827,7.574,0
353,3,2011-05-13,79.87,3.899,0,0,0,0,0,219.3683556,7.574,0
354,3,2011-05-20,75.79,3.907,0,0,0,0,0,219.127216,7.574,0
355,3,2011-05-27,84.41,3.786,0,0,0,0,0,218.8860765,7.574,0
356,3,2011-06-03,84.29,3.699,0,0,0,0,0,218.6449369,7.574,0
357,3,2011-06-10,84.84,3.648,0,0,0,0,0,218.4037974,7.574,0
358,3,2011-06-17,86.96,3.637,0,0,0,0,0,218.3551748,7.574,0
359,3,2011-06-24,84.94,3.594,0,0,0,0,0,218.45094,7.574,0
360,3,2011-07-01,85.1,3.524,0,0,0,0,0,218.5467052,7.567,0
361,3,2011-07-08,85.38,3.48,0,0,0,0,0,218.6424704,7.567,0
362,3,2011-07-15,87.14,3.575,0,0,0,0,0,218.7275216,7.567,0
363,3,2011-07-22,86.19,3.651,0,0,0,0,0,218.7857881,7.567,0
364,3,2011-07-29,88.07,3.682,0,0,0,0,0,218.8440545,7.567,0
365,3,2011-08-05,88.45,3.684,0,0,0,0,0,218.9023209,7.567,0
366,3,2011-08-12,88.88,3.638,0,0,0,0,0,218.9605873,7.567,0
367,3,2011-08-19,88.44,3.554,0,0,0,0,0,219.023271,7.567,0
368,3,2011-08-26,87.67,3.523,0,0,0,0,0,219.0866908,7.567,0
369,3,2011-09-02,89.12,3.533,0,0,0,0,0,219.1501106,7.567,0
370,3,2011-09-09,81.72,3.546,0,0,0,0,0,219.2135305,7.567,1
371,3,2011-09-16,83.63,3.526,0,0,0,0,0,219.3972867,7.567,0
372,3,2011-09-23,80.19,3.467,0,0,0,0,0,219.7414914,7.567,0
373,3,2011-09-30,82.58,3.355,0,0,0,0,0,220.085696,7.567,0
374,3,2011-10-07,75.54,3.285,0,0,0,0,0,220.4299007,7.197,0
375,3,2011-10-14,73.75,3.274,0,0,0,0,0,220.7486167,7.197,0
376,3,2011-10-21,69.03,3.353,0,0,0,0,0,220.9144005,7.197,0
377,3,2011-10-28,71.04,3.372,0,0,0,0,0,221.0801842,7.197,0
378,3,2011-11-04,59.31,3.332,0,0,0,0,0,221.245968,7.197,0
379,3,2011-11-11,61.7,3.297,8787.59,2006.62,200.01,570.57,1005.33,221.4117517,7.197,0
380,3,2011-11-18,63.91,3.308,1383.53,23.27,19.95,865.09,2926.05,221.6432852,7.197,0
381,3,2011-11-25,68,3.236,41.74,10.47,37612.74,0,135.16,221.9011185,7.197,1
382,3,2011-12-02,54.97,3.172,850.86,18.94,781.71,394.29,7297.1,222.1589519,7.197,0
383,3,2011-12-09,49.26,3.158,4059.38,6.47,123.42,833.44,3018.08,222.4167852,7.197,0
384,3,2011-12-16,57.95,3.159,1864.61,0,170.36,187.42,1500.38,222.6426418,7.197,0
385,3,2011-12-23,53.41,3.112,89.98,0.24,411.52,0,586.66,222.8258628,7.197,0
386,3,2011-12-30,48.29,3.129,1449.16,14356.07,66.66,81.43,777.35,223.0090839,7.197,1
387,3,2012-01-06,52.42,3.157,3824.22,9389.98,15,415.36,1476.85,223.1923049,6.833,0
388,3,2012-01-13,51.86,3.261,3927.76,3323.64,0,226.97,1725.19,223.3755259,6.833,0
389,3,2012-01-20,56.2,3.268,720.82,1629.26,1.46,16.05,799.5,223.4700552,6.833,0
390,3,2012-01-27,58.06,3.29,774.55,349.99,0,4,328.72,223.5645845,6.833,0
391,3,2012-02-03,59.33,3.36,9667.5,268.29,0.6,8368.15,804.24,223.6591137,6.833,0
392,3,2012-02-10,51.65,3.409,8687.47,1594.87,2.2,2144.87,2577.83,223.753643,6.833,1
393,3,2012-02-17,52.39,3.51,2706.87,3128.74,1.88,2396.68,1631.28,223.9170153,6.833,0
394,3,2012-02-24,60.12,3.555,6129.28,1802.84,0,301.48,1929.71,224.1320199,6.833,0
395,3,2012-03-02,61.65,3.63,3552.58,601.32,0,2666.22,1524.87,224.3470245,6.833,0
396,3,2012-03-09,60.71,3.669,8368.5,298.46,1.39,1340.29,1416.22,224.5620291,6.833,0
397,3,2012-03-16,64,3.734,2588.06,80.89,3.2,909.76,491.83,224.7166953,6.833,0
398,3,2012-03-23,66.53,3.787,737.08,36.1,1.43,92.11,583.9,224.7909104,6.833,0
399,3,2012-03-30,69.36,3.845,825.1,99.83,1.25,113.25,388.39,224.8651254,6.833,0
400,3,2012-04-06,73.01,3.891,4433.71,0,24.45,1282.3,1062.83,224.9393405,6.664,0
401,3,2012-04-13,72.83,3.891,5359.22,1673.42,3,682.03,1371.55,225.0135556,6.664,0
402,3,2012-04-20,72.05,3.877,2784.82,130.68,1.75,425.29,904.8,225.0689541,6.664,0
403,3,2012-04-27,73.39,3.814,1178.7,0,2.95,36.5,351.97,225.1243526,6.664,0
404,3,2012-05-04,79.51,3.749,2430.23,0,30.92,1159.71,1432.53,225.1797511,6.664,0
405,3,2012-05-11,75.19,3.688,3794.95,0,0.25,813.77,618.46,225.2351496,6.664,0
406,3,2012-05-18,72.38,3.63,3208.73,0,0.3,143.23,805.06,225.2512024,6.664,0
407,3,2012-05-25,78.58,3.561,3032.03,0,291.17,536.82,580.87,225.2515168,6.664,0
408,3,2012-06-01,81.55,3.501,2664.55,10,220.03,618.49,1940.77,225.2518313,6.664,0
409,3,2012-06-08,81.65,3.452,5770.48,28.6,30.18,283.7,2093.48,225.2521458,6.664,0
410,3,2012-06-15,84.66,3.393,2014.47,31.8,1,631.17,835.34,225.2644795,6.664,0
411,3,2012-06-22,82.7,3.346,1843.45,11.2,0.51,421.71,1743.54,225.3068615,6.664,0
412,3,2012-06-29,86.42,3.286,2297.32,8,0,395.28,1182.52,225.3492435,6.664,0
413,3,2012-07-06,83.14,3.227,2625.99,30.7,28.16,703.16,1962.17,225.3916254,6.334,0
414,3,2012-07-13,82.28,3.256,3196.9,20.8,2.02,302.29,451.1,225.4340074,6.334,0
415,3,2012-07-20,81.38,3.311,1266.72,66.2,3.83,149.62,558.02,225.4438827,6.334,0
416,3,2012-07-27,84.94,3.407,3447.28,31,2.46,1791.7,1107.97,225.4537579,6.334,0
417,3,2012-08-03,86.55,3.417,5683.49,37.2,0.04,2484.22,639.29,225.4636332,6.334,0
418,3,2012-08-10,85.85,3.494,3375.44,28.4,2.4,1880.43,555.9,225.4735085,6.334,0
419,3,2012-08-17,87.36,3.571,990.08,44.2,0,401.46,430.69,225.5558664,6.334,0
420,3,2012-08-24,83.01,3.62,3062.02,26.8,0,1004.51,1285.29,225.6925864,6.334,0
421,3,2012-08-31,85.18,3.638,6599.69,27.8,24.7,1743.76,428.74,225.8293063,6.334,0
422,3,2012-09-07,84.99,3.73,2266.83,19,8.31,419.87,926.86,225.9660263,6.334,1
423,3,2012-09-14,78.36,3.717,3589.7,0,3.72,2080.29,1760.69,226.1122067,6.334,0
424,3,2012-09-21,72.78,3.721,3233.34,1.91,7.69,878.66,1602.11,226.3151496,6.334,0
425,3,2012-09-28,77.46,3.666,2493.82,0,1.5,890.65,715.52,226.5180926,6.334,0
426,3,2012-10-05,72.74,3.617,1750.8,0,3.01,480.24,646.82,226.7210356,6.034,0
427,3,2012-10-12,70.31,3.601,775.31,0,2.78,498.54,328.16,226.9239785,6.034,0
428,3,2012-10-19,73.44,3.594,629.25,0,7.5,75.11,3010.32,226.9688442,6.034,0
429,3,2012-10-26,74.66,3.506,370.99,6.35,4,5.94,180.07,226.9873637,6.034,0
430,4,2010-02-05,43.76,2.598,0,0,0,0,0,126.4420645,8.623,0
431,4,2010-02-12,28.84,2.573,0,0,0,0,0,126.4962581,8.623,1
432,4,2010-02-19,36.45,2.54,0,0,0,0,0,126.5262857,8.623,0
433,4,2010-02-26,41.36,2.59,0,0,0,0,0,126.5522857,8.623,0
434,4,2010-03-05,43.49,2.654,0,0,0,0,0,126.5782857,8.623,0
435,4,2010-03-12,49.63,2.704,0,0,0,0,0,126.6042857,8.623,0
436,4,2010-03-19,55.19,2.743,0,0,0,0,0,126.6066452,8.623,0
437,4,2010-03-26,39.91,2.752,0,0,0,0,0,126.6050645,8.623,0
438,4,2010-04-02,48.77,2.74,0,0,0,0,0,126.6034839,7.896,0
439,4,2010-04-09,54.16,2.773,0,0,0,0,0,126.6019032,7.896,0
440,4,2010-04-16,56.23,2.81,0,0,0,0,0,126.5621,7.896,0
441,4,2010-04-23,56.87,2.805,0,0,0,0,0,126.4713333,7.896,0
442,4,2010-04-30,53.04,2.787,0,0,0,0,0,126.3805667,7.896,0
443,4,2010-05-07,56.77,2.836,0,0,0,0,0,126.2898,7.896,0
444,4,2010-05-14,62.35,2.845,0,0,0,0,0,126.2085484,7.896,0
445,4,2010-05-21,67.4,2.82,0,0,0,0,0,126.1843871,7.896,0
446,4,2010-05-28,67.73,2.756,0,0,0,0,0,126.1602258,7.896,0
447,4,2010-06-04,70.83,2.701,0,0,0,0,0,126.1360645,7.896,0
448,4,2010-06-11,78.45,2.668,0,0,0,0,0,126.1119032,7.896,0
449,4,2010-06-18,81.53,2.635,0,0,0,0,0,126.114,7.896,0
450,4,2010-06-25,81.1,2.654,0,0,0,0,0,126.1266,7.896,0
451,4,2010-07-02,73.66,2.668,0,0,0,0,0,126.1392,7.372,0
452,4,2010-07-09,80.35,2.637,0,0,0,0,0,126.1518,7.372,0
453,4,2010-07-16,78.53,2.621,0,0,0,0,0,126.1498065,7.372,0
454,4,2010-07-23,79.78,2.612,0,0,0,0,0,126.1283548,7.372,0
455,4,2010-07-30,80.7,2.65,0,0,0,0,0,126.1069032,7.372,0
456,4,2010-08-06,76.53,2.64,0,0,0,0,0,126.0854516,7.372,0
457,4,2010-08-13,78.08,2.698,0,0,0,0,0,126.064,7.372,0
458,4,2010-08-20,78.83,2.671,0,0,0,0,0,126.0766452,7.372,0
459,4,2010-08-27,74.44,2.621,0,0,0,0,0,126.0892903,7.372,0
460,4,2010-09-03,76.8,2.584,0,0,0,0,0,126.1019355,7.372,0
461,4,2010-09-10,73.54,2.574,0,0,0,0,0,126.1145806,7.372,1
462,4,2010-09-17,64.91,2.594,0,0,0,0,0,126.1454667,7.372,0
463,4,2010-09-24,60.96,2.642,0,0,0,0,0,126.1900333,7.372,0
464,4,2010-10-01,63.96,2.619,0,0,0,0,0,126.2346,7.127,0
465,4,2010-10-08,67.73,2.645,0,0,0,0,0,126.2791667,7.127,0
466,4,2010-10-15,62.03,2.732,0,0,0,0,0,126.3266774,7.127,0
467,4,2010-10-22,64.17,2.736,0,0,0,0,0,126.3815484,7.127,0
468,4,2010-10-29,56.94,2.718,0,0,0,0,0,126.4364194,7.127,0
469,4,2010-11-05,51.6,2.699,0,0,0,0,0,126.4912903,7.127,0
470,4,2010-11-12,52.65,2.741,0,0,0,0,0,126.5461613,7.127,0
471,4,2010-11-19,48.05,2.78,0,0,0,0,0,126.6072,7.127,0
472,4,2010-11-26,48.08,2.752,0,0,0,0,0,126.6692667,7.127,1
473,4,2010-12-03,46.4,2.727,0,0,0,0,0,126.7313333,7.127,0
474,4,2010-12-10,42.4,2.86,0,0,0,0,0,126.7934,7.127,0
475,4,2010-12-17,46.57,2.884,0,0,0,0,0,126.8794839,7.127,0
476,4,2010-12-24,43.21,2.887,0,0,0,0,0,126.9835806,7.127,0
477,4,2010-12-31,38.09,2.955,0,0,0,0,0,127.0876774,7.127,1
478,4,2011-01-07,39.34,2.98,0,0,0,0,0,127.1917742,6.51,0
479,4,2011-01-14,31.6,2.992,0,0,0,0,0,127.3009355,6.51,0
480,4,2011-01-21,38.34,3.017,0,0,0,0,0,127.4404839,6.51,0
481,4,2011-01-28,40.6,3.022,0,0,0,0,0,127.5800323,6.51,0
482,4,2011-02-04,34.61,2.996,0,0,0,0,0,127.7195806,6.51,0
483,4,2011-02-11,33.29,3.033,0,0,0,0,0,127.859129,6.51,1
484,4,2011-02-18,48.17,3.058,0,0,0,0,0,127.99525,6.51,0
485,4,2011-02-25,49,3.087,0,0,0,0,0,128.13,6.51,0
486,4,2011-03-04,46.56,3.305,0,0,0,0,0,128.26475,6.51,0
487,4,2011-03-11,50.93,3.461,0,0,0,0,0,128.3995,6.51,0
488,4,2011-03-18,51.86,3.495,0,0,0,0,0,128.5121935,6.51,0
489,4,2011-03-25,59.1,3.48,0,0,0,0,0,128.6160645,6.51,0
490,4,2011-04-01,56.99,3.521,0,0,0,0,0,128.7199355,5.946,0
491,4,2011-04-08,62.61,3.605,0,0,0,0,0,128.8238065,5.946,0
492,4,2011-04-15,62.34,3.724,0,0,0,0,0,128.9107333,5.946,0
493,4,2011-04-22,68.8,3.781,0,0,0,0,0,128.9553,5.946,0
494,4,2011-04-29,64.22,3.781,0,0,0,0,0,128.9998667,5.946,0
495,4,2011-05-06,63.41,3.866,0,0,0,0,0,129.0444333,5.946,0
496,4,2011-05-13,70.65,3.872,0,0,0,0,0,129.089,5.946,0
497,4,2011-05-20,70.49,3.881,0,0,0,0,0,129.0756774,5.946,0
498,4,2011-05-27,73.65,3.771,0,0,0,0,0,129.0623548,5.946,0
499,4,2011-06-03,78.26,3.683,0,0,0,0,0,129.0490323,5.946,0
500,4,2011-06-10,80.05,3.64,0,0,0,0,0,129.0357097,5.946,0
501,4,2011-06-17,83.51,3.618,0,0,0,0,0,129.0432,5.946,0
502,4,2011-06-24,81.85,3.57,0,0,0,0,0,129.0663,5.946,0
503,4,2011-07-01,84.54,3.504,0,0,0,0,0,129.0894,5.644,0
504,4,2011-07-08,84.59,3.469,0,0,0,0,0,129.1125,5.644,0
505,4,2011-07-15,83.27,3.563,0,0,0,0,0,129.1338387,5.644,0
506,4,2011-07-22,82.84,3.627,0,0,0,0,0,129.1507742,5.644,0
507,4,2011-07-29,84.36,3.659,0,0,0,0,0,129.1677097,5.644,0
508,4,2011-08-05,86.09,3.662,0,0,0,0,0,129.1846452,5.644,0
509,4,2011-08-12,82.98,3.617,0,0,0,0,0,129.2015806,5.644,0
510,4,2011-08-19,82.77,3.55,0,0,0,0,0,129.2405806,5.644,0
511,4,2011-08-26,81.47,3.523,0,0,0,0,0,129.2832581,5.644,0
512,4,2011-09-02,77.99,3.533,0,0,0,0,0,129.3259355,5.644,0
513,4,2011-09-09,73.34,3.554,0,0,0,0,0,129.3686129,5.644,1
514,4,2011-09-16,72.76,3.532,0,0,0,0,0,129.4306,5.644,0
515,4,2011-09-23,69.23,3.473,0,0,0,0,0,129.5183333,5.644,0
516,4,2011-09-30,72.15,3.371,0,0,0,0,0,129.6060667,5.644,0
517,4,2011-10-07,65.79,3.299,0,0,0,0,0,129.6938,5.143,0
518,4,2011-10-14,63.75,3.283,0,0,0,0,0,129.7706452,5.143,0
519,4,2011-10-21,64.79,3.361,0,0,0,0,0,129.7821613,5.143,0
520,4,2011-10-28,55.31,3.362,0,0,0,0,0,129.7936774,5.143,0
521,4,2011-11-04,49.86,3.322,0,0,0,0,0,129.8051935,5.143,0
522,4,2011-11-11,47.12,3.286,12851.52,16658.47,430.13,5630.01,9213.39,129.8167097,5.143,0
523,4,2011-11-18,50.44,3.294,4539.94,840.56,372.9,613.96,5358.13,129.8268333,5.143,0
524,4,2011-11-25,47.96,3.225,561.45,137.88,83340.33,44.04,9239.23,129.8364,5.143,1
525,4,2011-12-02,38.71,3.176,9762.39,160.94,2260.29,4767.86,28604.2,129.8459667,5.143,0
526,4,2011-12-09,31.64,3.153,5857.72,30,984.98,4692.5,13503.99,129.8555333,5.143,0
527,4,2011-12-16,36.44,3.149,2756.67,72.3,1790.15,777.65,10261.95,129.8980645,5.143,0
528,4,2011-12-23,35.92,3.103,2461.94,69.05,2938.24,52,4396.76,129.9845484,5.143,0
529,4,2011-12-30,36.89,3.119,3496.13,72413.71,399.77,776.26,5012.53,130.0710323,5.143,1
530,4,2012-01-06,38.64,3.158,7857.71,38677.72,234,863.22,8682.95,130.1575161,4.607,0
531,4,2012-01-13,34.41,3.263,3666.28,14553.37,76.37,820.37,5955.28,130.244,4.607,0
532,4,2012-01-20,42.09,3.273,2109.41,7040.02,44.16,918.36,1116.83,130.2792258,4.607,0
533,4,2012-01-27,40.31,3.29,1346.06,3740.12,46.16,445.47,2451.89,130.3144516,4.607,0
534,4,2012-02-03,41.81,3.354,50820.76,4033.29,285.11,48086.64,7456.15,130.3496774,4.607,0
535,4,2012-02-10,33,3.411,11374.63,7208.51,118.37,12869.78,10618.93,130.3849032,4.607,1
536,4,2012-02-17,34.19,3.493,14225.99,11049.65,17.36,11912.49,7565.99,130.4546207,4.607,0
537,4,2012-02-24,41.31,3.541,9777.71,4703.88,5.4,1179.72,9352.14,130.5502069,4.607,0
538,4,2012-03-02,50.38,3.619,18564.88,1394.86,32.93,10714.6,3592.82,130.6457931,4.607,0
539,4,2012-03-09,53.63,3.667,8779.57,602.02,8.53,1103.64,9464.98,130.7413793,4.607,0
540,4,2012-03-16,59.81,3.707,5669.21,37.12,0,8540.87,2544.94,130.8261935,4.607,0
541,4,2012-03-23,59.07,3.759,8806.8,-10.5,5.99,739.14,4396.97,130.8966452,4.607,0
542,4,2012-03-30,72.63,3.82,2565.8,442.52,6.5,487.66,4076.68,130.9670968,4.607,0
543,4,2012-04-06,67.69,3.864,11341.17,0,73.38,5677.89,7821.95,131.0375484,4.308,0
544,4,2012-04-13,68.69,3.881,12506.74,5941.43,30.84,3915.29,4392.95,131.108,4.308,0
545,4,2012-04-20,68.6,3.864,2774.39,4279.41,43.43,2409.97,4544.22,131.1173333,4.308,0
546,4,2012-04-27,76.47,3.81,3993.66,97.77,26.68,113.37,3947.45,131.1266667,4.308,0
547,4,2012-05-04,80.14,3.747,13737.91,0,93.65,6993.97,4541.89,131.136,4.308,0
548,4,2012-05-11,67.64,3.685,20499.88,86,103.05,5005.96,3815.16,131.1453333,4.308,0
549,4,2012-05-18,68.43,3.62,6531.12,0,99.91,2290.18,2521.84,131.0983226,4.308,0
550,4,2012-05-25,77.47,3.551,4330.02,436,862.31,3268.41,3749.53,131.0287742,4.308,0
551,4,2012-06-01,77.41,3.483,10165.22,8.6,47.93,2676.33,4896.34,130.9592258,4.308,0
552,4,2012-06-08,78.11,3.433,7429.46,249.8,7.86,4235.27,9690.55,130.8896774,4.308,0
553,4,2012-06-15,80.94,3.372,16063.84,84,0.22,2105.39,6113.16,130.8295333,4.308,0
554,4,2012-06-22,81.63,3.329,6619.2,351.22,3.48,5390.02,10920.89,130.7929,4.308,0
555,4,2012-06-29,84.23,3.257,3756.11,211.6,0,2114.26,6371.15,130.7562667,4.308,0
556,4,2012-07-06,80.37,3.187,9789.03,90,157.62,10671.47,3864.91,130.7196333,4.077,0
557,4,2012-07-13,76.86,3.224,11075.38,151,17.27,3810.25,4766.88,130.683,4.077,0
558,4,2012-07-20,79.14,3.263,4799.23,47.55,30.56,634.78,4648.91,130.7012903,4.077,0
559,4,2012-07-27,81.06,3.356,7011.68,68.7,4.26,13565.83,3841.61,130.7195806,4.077,0
560,4,2012-08-03,83.86,3.374,29127.2,42.27,58.34,22663.73,10925.99,130.737871,4.077,0
561,4,2012-08-10,83.21,3.476,16996.42,36.6,60.94,4777.2,3937.09,130.7561613,4.077,0
562,4,2012-08-17,81.41,3.552,2531.63,15.04,5.54,1269.13,3528.9,130.7909677,4.077,0
563,4,2012-08-24,75.76,3.61,9983.59,0,23.4,8115.89,7158.66,130.8381613,4.077,0
564,4,2012-08-31,76.47,3.646,19617.58,1.02,68.29,7187.73,6428.12,130.8853548,4.077,0
565,4,2012-09-07,82.09,3.709,9082.61,16,59.06,7217.88,8026.47,130.9325484,4.077,1
566,4,2012-09-14,68.2,3.706,13802.34,0,23.12,3643.77,12517.18,130.9776667,4.077,0
567,4,2012-09-21,68.97,3.721,11214.89,5.73,16.84,6376.86,4417.13,131.0103333,4.077,0
568,4,2012-09-28,71.74,3.666,5333.92,5.73,2.94,1931.02,9753.37,131.043,4.077,0
569,4,2012-10-05,63.07,3.62,5918.34,0,126.57,3674.49,6807.07,131.0756667,3.879,0
570,4,2012-10-12,57.11,3.603,4975.39,0,61.17,1513.17,5905.53,131.1083333,3.879,0
571,4,2012-10-19,64.46,3.61,6313.84,0,15.05,2421.08,5885.12,131.1499677,3.879,0
572,4,2012-10-26,63.64,3.514,1763.13,88.76,66.76,0,7577.14,131.1930968,3.879,0
573,5,2010-02-05,39.7,2.572,0,0,0,0,0,211.6539716,6.566,0
574,5,2010-02-12,39.81,2.548,0,0,0,0,0,211.8004698,6.566,1
575,5,2010-02-19,41.14,2.514,0,0,0,0,0,211.8471283,6.566,0
576,5,2010-02-26,46.7,2.561,0,0,0,0,0,211.8771468,6.566,0
577,5,2010-03-05,48.89,2.625,0,0,0,0,0,211.9071653,6.566,0
578,5,2010-03-12,58.5,2.667,0,0,0,0,0,211.9371839,6.566,0
579,5,2010-03-19,55.46,2.72,0,0,0,0,0,211.770897,6.566,0
580,5,2010-03-26,52.47,2.732,0,0,0,0,0,211.5718925,6.566,0
581,5,2010-04-02,63.18,2.719,0,0,0,0,0,211.372888,6.465,0
582,5,2010-04-09,65.19,2.77,0,0,0,0,0,211.1738835,6.465,0
583,5,2010-04-16,65.3,2.808,0,0,0,0,0,211.0388528,6.465,0
584,5,2010-04-23,65.13,2.795,0,0,0,0,0,210.9891204,6.465,0
585,5,2010-04-30,67.53,2.78,0,0,0,0,0,210.939388,6.465,0
586,5,2010-05-07,71.53,2.835,0,0,0,0,0,210.8896556,6.465,0
587,5,2010-05-14,74.79,2.854,0,0,0,0,0,210.8872772,6.465,0
588,5,2010-05-21,75.2,2.826,0,0,0,0,0,211.169023,6.465,0
589,5,2010-05-28,79.81,2.759,0,0,0,0,0,211.4507688,6.465,0
590,5,2010-06-04,79.54,2.705,0,0,0,0,0,211.7325146,6.465,0
591,5,2010-06-11,80.7,2.668,0,0,0,0,0,212.0142605,6.465,0
592,5,2010-06-18,83.91,2.637,0,0,0,0,0,212.0119769,6.465,0
593,5,2010-06-25,83.72,2.653,0,0,0,0,0,211.8960815,6.465,0
594,5,2010-07-02,81.25,2.669,0,0,0,0,0,211.7801861,6.496,0
595,5,2010-07-09,81.14,2.642,0,0,0,0,0,211.6642907,6.496,0
596,5,2010-07-16,83.98,2.623,0,0,0,0,0,211.6561123,6.496,0
597,5,2010-07-23,83.66,2.608,0,0,0,0,0,211.7915565,6.496,0
598,5,2010-07-30,82.46,2.64,0,0,0,0,0,211.9270006,6.496,0
599,5,2010-08-06,86.1,2.627,0,0,0,0,0,212.0624447,6.496,0
600,5,2010-08-13,87.41,2.692,0,0,0,0,0,212.1978889,6.496,0
601,5,2010-08-20,87.71,2.664,0,0,0,0,0,212.1608984,6.496,0
602,5,2010-08-27,87.05,2.619,0,0,0,0,0,212.123908,6.496,0
603,5,2010-09-03,84.06,2.577,0,0,0,0,0,212.0869176,6.496,0
604,5,2010-09-10,79.86,2.565,0,0,0,0,0,212.0499271,6.496,1
605,5,2010-09-17,82.28,2.582,0,0,0,0,0,212.0769346,6.496,0
606,5,2010-09-24,78.53,2.624,0,0,0,0,0,212.1519404,6.496,0
607,5,2010-10-01,71.1,2.603,0,0,0,0,0,212.2269463,6.768,0
608,5,2010-10-08,64.99,2.633,0,0,0,0,0,212.3019522,6.768,0
609,5,2010-10-15,68.11,2.72,0,0,0,0,0,212.3691867,6.768,0
610,5,2010-10-22,70.96,2.725,0,0,0,0,0,212.4169928,6.768,0
611,5,2010-10-29,70.58,2.716,0,0,0,0,0,212.464799,6.768,0
612,5,2010-11-05,58.88,2.689,0,0,0,0,0,212.5126051,6.768,0
613,5,2010-11-12,62.37,2.728,0,0,0,0,0,212.5604113,6.768,0
614,5,2010-11-19,52.52,2.771,0,0,0,0,0,212.445487,6.768,0
615,5,2010-11-26,66.15,2.735,0,0,0,0,0,212.303441,6.768,1
616,5,2010-12-03,51.31,2.708,0,0,0,0,0,212.1613951,6.768,0
617,5,2010-12-10,48.27,2.843,0,0,0,0,0,212.0193491,6.768,0
618,5,2010-12-17,51.61,2.869,0,0,0,0,0,211.9580815,6.768,0
619,5,2010-12-24,55.01,2.886,0,0,0,0,0,211.9573978,6.768,0
620,5,2010-12-31,49.79,2.943,0,0,0,0,0,211.9567142,6.768,1
621,5,2011-01-07,48.3,2.976,0,0,0,0,0,211.9560305,6.634,0
622,5,2011-01-14,37.74,2.983,0,0,0,0,0,212.008514,6.634,0
623,5,2011-01-21,45.41,3.016,0,0,0,0,0,212.3800012,6.634,0
624,5,2011-01-28,44.5,3.01,0,0,0,0,0,212.7514884,6.634,0
625,5,2011-02-04,41.67,2.989,0,0,0,0,0,213.1229755,6.634,0
626,5,2011-02-11,38.25,3.022,0,0,0,0,0,213.4944627,6.634,1
627,5,2011-02-18,58.83,3.045,0,0,0,0,0,213.8068304,6.634,0
628,5,2011-02-25,63.35,3.065,0,0,0,0,0,214.0955503,6.634,0
629,5,2011-03-04,60.35,3.288,0,0,0,0,0,214.3842702,6.634,0
630,5,2011-03-11,55.74,3.459,0,0,0,0,0,214.6729901,6.634,0
631,5,2011-03-18,64.31,3.488,0,0,0,0,0,214.9257339,6.634,0
632,5,2011-03-25,70.71,3.473,0,0,0,0,0,215.1640872,6.634,0
633,5,2011-04-01,61.5,3.524,0,0,0,0,0,215.4024406,6.489,0
634,5,2011-04-08,69.64,3.622,0,0,0,0,0,215.6407939,6.489,0
635,5,2011-04-15,72.02,3.743,0,0,0,0,0,215.8592673,6.489,0
636,5,2011-04-22,74.34,3.807,0,0,0,0,0,216.0280407,6.489,0
637,5,2011-04-29,74.75,3.81,0,0,0,0,0,216.1968142,6.489,0
638,5,2011-05-06,66.27,3.906,0,0,0,0,0,216.3655877,6.489,0
639,5,2011-05-13,77.38,3.899,0,0,0,0,0,216.5343611,6.489,0
640,5,2011-05-20,71.37,3.907,0,0,0,0,0,216.3023847,6.489,0
641,5,2011-05-27,80.14,3.786,0,0,0,0,0,216.0704083,6.489,0
642,5,2011-06-03,83.81,3.699,0,0,0,0,0,215.8384319,6.489,0
643,5,2011-06-10,83.61,3.648,0,0,0,0,0,215.6064555,6.489,0
644,5,2011-06-17,86.84,3.637,0,0,0,0,0,215.560463,6.489,0
645,5,2011-06-24,84.76,3.594,0,0,0,0,0,215.6539583,6.489,0
646,5,2011-07-01,85.81,3.524,0,0,0,0,0,215.7474537,6.529,0
647,5,2011-07-08,86.64,3.48,0,0,0,0,0,215.8409491,6.529,0
648,5,2011-07-15,88.64,3.575,0,0,0,0,0,215.9250696,6.529,0
649,5,2011-07-22,86.97,3.651,0,0,0,0,0,215.985753,6.529,0
650,5,2011-07-29,89.42,3.682,0,0,0,0,0,216.0464364,6.529,0
651,5,2011-08-05,91.07,3.684,0,0,0,0,0,216.1071198,6.529,0
652,5,2011-08-12,90.16,3.638,0,0,0,0,0,216.1678032,6.529,0
653,5,2011-08-19,89.35,3.554,0,0,0,0,0,216.2311855,6.529,0
654,5,2011-08-26,89.18,3.523,0,0,0,0,0,216.2950176,6.529,0
655,5,2011-09-02,90.38,3.533,0,0,0,0,0,216.3588498,6.529,0
656,5,2011-09-09,79.04,3.546,0,0,0,0,0,216.4226819,6.529,1
657,5,2011-09-16,83.55,3.526,0,0,0,0,0,216.6033083,6.529,0
658,5,2011-09-23,78.01,3.467,0,0,0,0,0,216.9396605,6.529,0
659,5,2011-09-30,81.16,3.355,0,0,0,0,0,217.2760127,6.529,0
660,5,2011-10-07,71.64,3.285,0,0,0,0,0,217.6123648,6.3,0
661,5,2011-10-14,72.36,3.274,0,0,0,0,0,217.9237458,6.3,0
662,5,2011-10-21,66.9,3.353,0,0,0,0,0,218.0852999,6.3,0
663,5,2011-10-28,69.27,3.372,0,0,0,0,0,218.2468539,6.3,0
664,5,2011-11-04,56.71,3.332,0,0,0,0,0,218.408408,6.3,0
665,5,2011-11-11,60.71,3.297,2971.48,1943.2,60.03,757.33,1040.96,218.5699621,6.3,0
666,5,2011-11-18,64.33,3.308,952.21,116.11,95.01,295.13,4368.45,218.793912,6.3,0
667,5,2011-11-25,61.93,3.236,107.42,7,29333.06,8,826.06,219.0428204,6.3,1
668,5,2011-12-02,51.14,3.172,2359.44,4,658.01,901.67,24751.93,219.2917287,6.3,0
669,5,2011-12-09,44.12,3.158,2546.5,0,83.07,523.27,3118.64,219.540637,6.3,0
670,5,2011-12-16,54.42,3.159,802.42,0,78.77,319.84,1940.54,219.7596266,6.3,0
671,5,2011-12-23,50.33,3.112,225.21,0.15,427.57,0,1443.04,219.9387246,6.3,0
672,5,2011-12-30,45.62,3.129,1938.28,17079.76,72.93,162.33,1211.95,220.1178226,6.3,1
673,5,2012-01-06,50.21,3.157,4602.39,6733.6,35.03,621.64,3507.24,220.2969205,5.943,0
674,5,2012-01-13,48.86,3.261,3408.93,3666.32,1.71,137.88,1706.42,220.4760185,5.943,0
675,5,2012-01-20,54.65,3.268,761.25,2100.24,0,132.63,1276.75,220.5694104,5.943,0
676,5,2012-01-27,54.63,3.29,573.64,969.68,0,12,861.28,220.6628023,5.943,0
677,5,2012-02-03,57.35,3.36,23811.41,1349.62,23.82,14928.42,3186.52,220.7561941,5.943,0
678,5,2012-02-10,48.57,3.409,4239.28,2725.8,1.53,3682.89,3234.79,220.849586,5.943,1
679,5,2012-02-17,48.25,3.51,5548.48,1958.52,1.76,2662.84,2820.38,221.0106341,5.943,0
680,5,2012-02-24,57.75,3.555,2220.32,1407.4,0,145.46,2657.52,221.2224243,5.943,0
681,5,2012-03-02,60.66,3.63,6172.7,123.32,1,3063.26,1213.59,221.4342146,5.943,0
682,5,2012-03-09,57.69,3.669,1842.42,51.27,2,109.67,5043.45,221.6460048,5.943,0
683,5,2012-03-16,63.55,3.734,1879.87,30.7,2.24,585.12,1765.08,221.7989713,5.943,0
684,5,2012-03-23,64.44,3.787,694.24,32.75,5.59,210.09,775.7,221.8735063,5.943,0
685,5,2012-03-30,67.76,3.845,5097.87,25.2,2.7,322.57,1790.31,221.9480412,5.943,0
686,5,2012-04-06,70.4,3.891,5174.35,0,6.48,1489.1,2264.89,222.0225762,5.801,0
687,5,2012-04-13,70.56,3.891,1562.33,758.49,0,206,1642.42,222.0971111,5.801,0
688,5,2012-04-20,67.33,3.877,1197.53,225.78,3,247.94,1499.51,222.1512315,5.801,0
689,5,2012-04-27,68.96,3.814,1127.44,0,5.05,33.35,2598.67,222.2053519,5.801,0
690,5,2012-05-04,77.1,3.749,6396.61,0,83.63,1183.64,2813.83,222.2594722,5.801,0
691,5,2012-05-11,73.45,3.688,4668.2,0,42.75,709.19,1740.42,222.3135926,5.801,0
692,5,2012-05-18,70.45,3.63,2639.05,0,65.34,243.73,2119.63,222.330443,5.801,0
693,5,2012-05-25,78.23,3.561,3784.86,0,431.99,225.2,2239.68,222.3323853,5.801,0
694,5,2012-06-01,79.72,3.501,2840.78,0,41.58,393.41,2114,222.3343277,5.801,0
695,5,2012-06-08,81.02,3.452,4488.47,0,0.24,231.16,1246.89,222.33627,5.801,0
696,5,2012-06-15,81.64,3.393,1911.02,0.95,0.04,570.11,1828.62,222.3492901,5.801,0
697,5,2012-06-22,80.57,3.346,2046.93,8.8,0,677.36,2762.83,222.3900046,5.801,0
698,5,2012-06-29,87.08,3.286,1053.25,12.75,0,113.8,1300.11,222.4307191,5.801,0
699,5,2012-07-06,82.35,3.227,2592.37,2.65,52.06,914.36,2768.98,222.4714336,5.603,0
700,5,2012-07-13,80.78,3.256,1471.06,1,12,889.18,798.44,222.5121481,5.603,0
701,5,2012-07-20,81.05,3.311,964.82,13.48,3.39,278.93,1050.13,222.5209358,5.603,0
702,5,2012-07-27,85.06,3.407,2696.67,7.75,0.36,3104.68,2152.23,222.5297234,5.603,0
703,5,2012-08-03,86.91,3.417,7365.26,14.48,0.7,3640.7,2517.31,222.5385111,5.603,0
704,5,2012-08-10,86.96,3.494,3261.56,15,0.5,1687.13,2102.31,222.5472987,5.603,0
705,5,2012-08-17,87.52,3.571,1649.56,-10.98,2.31,1955.75,1205.23,222.6276753,5.603,0
706,5,2012-08-24,79.45,3.62,1985.37,68,4.54,627.6,1355.17,222.7617437,5.603,0
707,5,2012-08-31,84.25,3.638,5211.69,49,13,2799.14,2740.48,222.8958121,5.603,0
708,5,2012-09-07,86.3,3.73,2797.26,1.9,9.61,968.75,2069.3,223.0298805,5.603,1
709,5,2012-09-14,76.65,3.717,2027.18,4,4.55,1354.97,3535.01,223.1734167,5.603,0
710,5,2012-09-21,71.09,3.721,3033.26,5.73,1.1,83.82,4579.05,223.3737593,5.603,0
711,5,2012-09-28,78.33,3.666,1279.39,0,0.55,425.98,1492.6,223.5741019,5.603,0
712,5,2012-10-05,71.17,3.617,2048.94,0,6.02,1121.58,2070.87,223.7744444,5.422,0
713,5,2012-10-12,66.24,3.601,1355.87,0,4,453.98,3562.36,223.974787,5.422,0
714,5,2012-10-19,69.17,3.594,908.91,0,0,0,709.95,224.0192873,5.422,0
715,5,2012-10-26,71.7,3.506,1547.61,1.74,0,133.31,598.74,224.0378139,5.422,0
